ProductKey,Product Code,Product Name,Product Model Name,Product Category Name,Product Subcategory Name,Product Colour,Product Size,Product Line,Product Status,Product Description
210,FR-R92B-58,"HL Road Frame - Black, 58",HL Road Frame,Components,Road Frames,Black,58,"R ",Current,Our lightest and best quality aluminum frame made from the newest alloy; it is welded and heat-treated for strength. Our innovative design results in maximum comfort and performance.
211,FR-R92R-58,"HL Road Frame - Red, 58",HL Road Frame,Components,Road Frames,Red,58,"R ",Current,Our lightest and best quality aluminum frame made from the newest alloy; it is welded and heat-treated for strength. Our innovative design results in maximum comfort and performance.
212,HL-U509-R,"Sport-100 Helmet, Red",Sport-100,Accessories,Helmets,Red,NULL,"S ",Outdate,"Universal fit, well-vented, lightweight , snap-on visor."
213,HL-U509-R,"Sport-100 Helmet, Red",Sport-100,Accessories,Helmets,Red,NULL,"S ",Outdate,"Universal fit, well-vented, lightweight , snap-on visor."
214,HL-U509-R,"Sport-100 Helmet, Red",Sport-100,Accessories,Helmets,Red,NULL,"S ",Current,"Universal fit, well-vented, lightweight , snap-on visor."
215,HL-U509,"Sport-100 Helmet, Black",Sport-100,Accessories,Helmets,Black,NULL,"S ",Outdate,"Universal fit, well-vented, lightweight , snap-on visor."
216,HL-U509,"Sport-100 Helmet, Black",Sport-100,Accessories,Helmets,Black,NULL,"S ",Outdate,"Universal fit, well-vented, lightweight , snap-on visor."
217,HL-U509,"Sport-100 Helmet, Black",Sport-100,Accessories,Helmets,Black,NULL,"S ",Current,"Universal fit, well-vented, lightweight , snap-on visor."
218,SO-B909-M,"Mountain Bike Socks, M",Mountain Bike Socks,Clothing,Socks,White,M,"M ",Outdate,Combination of natural and synthetic fibers stays dry and provides just the right cushioning.
219,SO-B909-L,"Mountain Bike Socks, L",Mountain Bike Socks,Clothing,Socks,White,L,"M ",Outdate,Combination of natural and synthetic fibers stays dry and provides just the right cushioning.
220,HL-U509-B,"Sport-100 Helmet, Blue",Sport-100,Accessories,Helmets,Blue,NULL,"S ",Outdate,"Universal fit, well-vented, lightweight , snap-on visor."
221,HL-U509-B,"Sport-100 Helmet, Blue",Sport-100,Accessories,Helmets,Blue,NULL,"S ",Outdate,"Universal fit, well-vented, lightweight , snap-on visor."
222,HL-U509-B,"Sport-100 Helmet, Blue",Sport-100,Accessories,Helmets,Blue,NULL,"S ",Current,"Universal fit, well-vented, lightweight , snap-on visor."
223,CA-1098,AWC Logo Cap,Cycling Cap,Clothing,Caps,Multi,NULL,"S ",Outdate,Traditional style with a flip-up brim; one-size fits all.
224,CA-1098,AWC Logo Cap,Cycling Cap,Clothing,Caps,Multi,NULL,"S ",Outdate,Traditional style with a flip-up brim; one-size fits all.
225,CA-1098,AWC Logo Cap,Cycling Cap,Clothing,Caps,Multi,NULL,"S ",Current,Traditional style with a flip-up brim; one-size fits all.
226,LJ-0192-S,"Long-Sleeve Logo Jersey, S",Long-Sleeve Logo Jersey,Clothing,Jerseys,Multi,S,"S ",Outdate,Unisex long-sleeve AWC logo microfiber cycling jersey
227,LJ-0192-S,"Long-Sleeve Logo Jersey, S",Long-Sleeve Logo Jersey,Clothing,Jerseys,Multi,S,"S ",Outdate,Unisex long-sleeve AWC logo microfiber cycling jersey
228,LJ-0192-S,"Long-Sleeve Logo Jersey, S",Long-Sleeve Logo Jersey,Clothing,Jerseys,Multi,S,"S ",Current,Unisex long-sleeve AWC logo microfiber cycling jersey
229,LJ-0192-M,"Long-Sleeve Logo Jersey, M",Long-Sleeve Logo Jersey,Clothing,Jerseys,Multi,M,"S ",Outdate,Unisex long-sleeve AWC logo microfiber cycling jersey
230,LJ-0192-M,"Long-Sleeve Logo Jersey, M",Long-Sleeve Logo Jersey,Clothing,Jerseys,Multi,M,"S ",Outdate,Unisex long-sleeve AWC logo microfiber cycling jersey
231,LJ-0192-M,"Long-Sleeve Logo Jersey, M",Long-Sleeve Logo Jersey,Clothing,Jerseys,Multi,M,"S ",Current,Unisex long-sleeve AWC logo microfiber cycling jersey
232,LJ-0192-L,"Long-Sleeve Logo Jersey, L",Long-Sleeve Logo Jersey,Clothing,Jerseys,Multi,L,"S ",Outdate,Unisex long-sleeve AWC logo microfiber cycling jersey
233,LJ-0192-L,"Long-Sleeve Logo Jersey, L",Long-Sleeve Logo Jersey,Clothing,Jerseys,Multi,L,"S ",Outdate,Unisex long-sleeve AWC logo microfiber cycling jersey
234,LJ-0192-L,"Long-Sleeve Logo Jersey, L",Long-Sleeve Logo Jersey,Clothing,Jerseys,Multi,L,"S ",Current,Unisex long-sleeve AWC logo microfiber cycling jersey
235,LJ-0192-X,"Long-Sleeve Logo Jersey, XL",Long-Sleeve Logo Jersey,Clothing,Jerseys,Multi,XL,"S ",Outdate,Unisex long-sleeve AWC logo microfiber cycling jersey
236,LJ-0192-X,"Long-Sleeve Logo Jersey, XL",Long-Sleeve Logo Jersey,Clothing,Jerseys,Multi,XL,"S ",Outdate,Unisex long-sleeve AWC logo microfiber cycling jersey
237,LJ-0192-X,"Long-Sleeve Logo Jersey, XL",Long-Sleeve Logo Jersey,Clothing,Jerseys,Multi,XL,"S ",Current,Unisex long-sleeve AWC logo microfiber cycling jersey
238,FR-R92R-62,"HL Road Frame - Red, 62",HL Road Frame,Components,Road Frames,Red,62,"R ",Outdate,Our lightest and best quality aluminum frame made from the newest alloy; it is welded and heat-treated for strength. Our innovative design results in maximum comfort and performance.
239,FR-R92R-62,"HL Road Frame - Red, 62",HL Road Frame,Components,Road Frames,Red,62,"R ",Outdate,Our lightest and best quality aluminum frame made from the newest alloy; it is welded and heat-treated for strength. Our innovative design results in maximum comfort and performance.
240,FR-R92R-62,"HL Road Frame - Red, 62",HL Road Frame,Components,Road Frames,Red,62,"R ",Current,Our lightest and best quality aluminum frame made from the newest alloy; it is welded and heat-treated for strength. Our innovative design results in maximum comfort and performance.
241,FR-R92R-44,"HL Road Frame - Red, 44",HL Road Frame,Components,Road Frames,Red,44,"R ",Outdate,Our lightest and best quality aluminum frame made from the newest alloy; it is welded and heat-treated for strength. Our innovative design results in maximum comfort and performance.
242,FR-R92R-44,"HL Road Frame - Red, 44",HL Road Frame,Components,Road Frames,Red,44,"R ",Outdate,Our lightest and best quality aluminum frame made from the newest alloy; it is welded and heat-treated for strength. Our innovative design results in maximum comfort and performance.
243,FR-R92R-44,"HL Road Frame - Red, 44",HL Road Frame,Components,Road Frames,Red,44,"R ",Current,Our lightest and best quality aluminum frame made from the newest alloy; it is welded and heat-treated for strength. Our innovative design results in maximum comfort and performance.
244,FR-R92R-48,"HL Road Frame - Red, 48",HL Road Frame,Components,Road Frames,Red,48,"R ",Outdate,Our lightest and best quality aluminum frame made from the newest alloy; it is welded and heat-treated for strength. Our innovative design results in maximum comfort and performance.
245,FR-R92R-48,"HL Road Frame - Red, 48",HL Road Frame,Components,Road Frames,Red,48,"R ",Outdate,Our lightest and best quality aluminum frame made from the newest alloy; it is welded and heat-treated for strength. Our innovative design results in maximum comfort and performance.
246,FR-R92R-48,"HL Road Frame - Red, 48",HL Road Frame,Components,Road Frames,Red,48,"R ",Current,Our lightest and best quality aluminum frame made from the newest alloy; it is welded and heat-treated for strength. Our innovative design results in maximum comfort and performance.
247,FR-R92R-52,"HL Road Frame - Red, 52",HL Road Frame,Components,Road Frames,Red,52,"R ",Outdate,Our lightest and best quality aluminum frame made from the newest alloy; it is welded and heat-treated for strength. Our innovative design results in maximum comfort and performance.
248,FR-R92R-52,"HL Road Frame - Red, 52",HL Road Frame,Components,Road Frames,Red,52,"R ",Outdate,Our lightest and best quality aluminum frame made from the newest alloy; it is welded and heat-treated for strength. Our innovative design results in maximum comfort and performance.
249,FR-R92R-52,"HL Road Frame - Red, 52",HL Road Frame,Components,Road Frames,Red,52,"R ",Current,Our lightest and best quality aluminum frame made from the newest alloy; it is welded and heat-treated for strength. Our innovative design results in maximum comfort and performance.
250,FR-R92R-56,"HL Road Frame - Red, 56",HL Road Frame,Components,Road Frames,Red,56,"R ",Outdate,Our lightest and best quality aluminum frame made from the newest alloy; it is welded and heat-treated for strength. Our innovative design results in maximum comfort and performance.
251,FR-R92R-56,"HL Road Frame - Red, 56",HL Road Frame,Components,Road Frames,Red,56,"R ",Outdate,Our lightest and best quality aluminum frame made from the newest alloy; it is welded and heat-treated for strength. Our innovative design results in maximum comfort and performance.
252,FR-R92R-56,"HL Road Frame - Red, 56",HL Road Frame,Components,Road Frames,Red,56,"R ",Current,Our lightest and best quality aluminum frame made from the newest alloy; it is welded and heat-treated for strength. Our innovative design results in maximum comfort and performance.
253,FR-R38B-58,"LL Road Frame - Black, 58",LL Road Frame,Components,Road Frames,Black,58,"R ",Outdate,"The LL Frame provides a safe comfortable ride, while offering superior bump absorption in a value-priced aluminum frame."
254,FR-R38B-58,"LL Road Frame - Black, 58",LL Road Frame,Components,Road Frames,Black,58,"R ",Outdate,"The LL Frame provides a safe comfortable ride, while offering superior bump absorption in a value-priced aluminum frame."
255,FR-R38B-58,"LL Road Frame - Black, 58",LL Road Frame,Components,Road Frames,Black,58,"R ",Current,"The LL Frame provides a safe comfortable ride, while offering superior bump absorption in a value-priced aluminum frame."
256,FR-R38B-60,"LL Road Frame - Black, 60",LL Road Frame,Components,Road Frames,Black,60,"R ",Outdate,"The LL Frame provides a safe comfortable ride, while offering superior bump absorption in a value-priced aluminum frame."
257,FR-R38B-60,"LL Road Frame - Black, 60",LL Road Frame,Components,Road Frames,Black,60,"R ",Outdate,"The LL Frame provides a safe comfortable ride, while offering superior bump absorption in a value-priced aluminum frame."
258,FR-R38B-60,"LL Road Frame - Black, 60",LL Road Frame,Components,Road Frames,Black,60,"R ",Current,"The LL Frame provides a safe comfortable ride, while offering superior bump absorption in a value-priced aluminum frame."
259,FR-R38B-62,"LL Road Frame - Black, 62",LL Road Frame,Components,Road Frames,Black,62,"R ",Outdate,"The LL Frame provides a safe comfortable ride, while offering superior bump absorption in a value-priced aluminum frame."
260,FR-R38B-62,"LL Road Frame - Black, 62",LL Road Frame,Components,Road Frames,Black,62,"R ",Outdate,"The LL Frame provides a safe comfortable ride, while offering superior bump absorption in a value-priced aluminum frame."
261,FR-R38B-62,"LL Road Frame - Black, 62",LL Road Frame,Components,Road Frames,Black,62,"R ",Current,"The LL Frame provides a safe comfortable ride, while offering superior bump absorption in a value-priced aluminum frame."
262,FR-R38R-44,"LL Road Frame - Red, 44",LL Road Frame,Components,Road Frames,Red,44,"R ",Outdate,"The LL Frame provides a safe comfortable ride, while offering superior bump absorption in a value-priced aluminum frame."
263,FR-R38R-44,"LL Road Frame - Red, 44",LL Road Frame,Components,Road Frames,Red,44,"R ",Outdate,"The LL Frame provides a safe comfortable ride, while offering superior bump absorption in a value-priced aluminum frame."
264,FR-R38R-48,"LL Road Frame - Red, 48",LL Road Frame,Components,Road Frames,Red,48,"R ",Outdate,"The LL Frame provides a safe comfortable ride, while offering superior bump absorption in a value-priced aluminum frame."
265,FR-R38R-48,"LL Road Frame - Red, 48",LL Road Frame,Components,Road Frames,Red,48,"R ",Outdate,"The LL Frame provides a safe comfortable ride, while offering superior bump absorption in a value-priced aluminum frame."
266,FR-R38R-52,"LL Road Frame - Red, 52",LL Road Frame,Components,Road Frames,Red,52,"R ",Outdate,"The LL Frame provides a safe comfortable ride, while offering superior bump absorption in a value-priced aluminum frame."
267,FR-R38R-52,"LL Road Frame - Red, 52",LL Road Frame,Components,Road Frames,Red,52,"R ",Outdate,"The LL Frame provides a safe comfortable ride, while offering superior bump absorption in a value-priced aluminum frame."
268,FR-R38R-58,"LL Road Frame - Red, 58",LL Road Frame,Components,Road Frames,Red,58,"R ",Outdate,"The LL Frame provides a safe comfortable ride, while offering superior bump absorption in a value-priced aluminum frame."
269,FR-R38R-58,"LL Road Frame - Red, 58",LL Road Frame,Components,Road Frames,Red,58,"R ",Outdate,"The LL Frame provides a safe comfortable ride, while offering superior bump absorption in a value-priced aluminum frame."
270,FR-R38R-60,"LL Road Frame - Red, 60",LL Road Frame,Components,Road Frames,Red,60,"R ",Outdate,"The LL Frame provides a safe comfortable ride, while offering superior bump absorption in a value-priced aluminum frame."
271,FR-R38R-60,"LL Road Frame - Red, 60",LL Road Frame,Components,Road Frames,Red,60,"R ",Outdate,"The LL Frame provides a safe comfortable ride, while offering superior bump absorption in a value-priced aluminum frame."
272,FR-R38R-62,"LL Road Frame - Red, 62",LL Road Frame,Components,Road Frames,Red,62,"R ",Outdate,"The LL Frame provides a safe comfortable ride, while offering superior bump absorption in a value-priced aluminum frame."
273,FR-R38R-62,"LL Road Frame - Red, 62",LL Road Frame,Components,Road Frames,Red,62,"R ",Outdate,"The LL Frame provides a safe comfortable ride, while offering superior bump absorption in a value-priced aluminum frame."
274,FR-R72R-44,"ML Road Frame - Red, 44",ML Road Frame,Components,Road Frames,Red,44,"R ",Outdate,"Made from the same aluminum alloy as our top-of-the line HL frame, the ML features a lightweight down-tube milled to the perfect diameter for optimal strength. Men's version."
275,FR-R72R-48,"ML Road Frame - Red, 48",ML Road Frame,Components,Road Frames,Red,48,"R ",Outdate,"Made from the same aluminum alloy as our top-of-the line HL frame, the ML features a lightweight down-tube milled to the perfect diameter for optimal strength. Men's version."
276,FR-R72R-52,"ML Road Frame - Red, 52",ML Road Frame,Components,Road Frames,Red,52,"R ",Outdate,"Made from the same aluminum alloy as our top-of-the line HL frame, the ML features a lightweight down-tube milled to the perfect diameter for optimal strength. Men's version."
277,FR-R72R-58,"ML Road Frame - Red, 58",ML Road Frame,Components,Road Frames,Red,58,"R ",Outdate,"Made from the same aluminum alloy as our top-of-the line HL frame, the ML features a lightweight down-tube milled to the perfect diameter for optimal strength. Men's version."
278,FR-R72R-60,"ML Road Frame - Red, 60",ML Road Frame,Components,Road Frames,Red,60,"R ",Outdate,"Made from the same aluminum alloy as our top-of-the line HL frame, the ML features a lightweight down-tube milled to the perfect diameter for optimal strength. Men's version."
279,FR-R38B-44,"LL Road Frame - Black, 44",LL Road Frame,Components,Road Frames,Black,44,"R ",Outdate,"The LL Frame provides a safe comfortable ride, while offering superior bump absorption in a value-priced aluminum frame."
280,FR-R38B-44,"LL Road Frame - Black, 44",LL Road Frame,Components,Road Frames,Black,44,"R ",Outdate,"The LL Frame provides a safe comfortable ride, while offering superior bump absorption in a value-priced aluminum frame."
281,FR-R38B-44,"LL Road Frame - Black, 44",LL Road Frame,Components,Road Frames,Black,44,"R ",Current,"The LL Frame provides a safe comfortable ride, while offering superior bump absorption in a value-priced aluminum frame."
282,FR-R38B-48,"LL Road Frame - Black, 48",LL Road Frame,Components,Road Frames,Black,48,"R ",Outdate,"The LL Frame provides a safe comfortable ride, while offering superior bump absorption in a value-priced aluminum frame."
283,FR-R38B-48,"LL Road Frame - Black, 48",LL Road Frame,Components,Road Frames,Black,48,"R ",Outdate,"The LL Frame provides a safe comfortable ride, while offering superior bump absorption in a value-priced aluminum frame."
284,FR-R38B-48,"LL Road Frame - Black, 48",LL Road Frame,Components,Road Frames,Black,48,"R ",Current,"The LL Frame provides a safe comfortable ride, while offering superior bump absorption in a value-priced aluminum frame."
285,FR-R38B-52,"LL Road Frame - Black, 52",LL Road Frame,Components,Road Frames,Black,52,"R ",Outdate,"The LL Frame provides a safe comfortable ride, while offering superior bump absorption in a value-priced aluminum frame."
286,FR-R38B-52,"LL Road Frame - Black, 52",LL Road Frame,Components,Road Frames,Black,52,"R ",Outdate,"The LL Frame provides a safe comfortable ride, while offering superior bump absorption in a value-priced aluminum frame."
287,FR-R38B-52,"LL Road Frame - Black, 52",LL Road Frame,Components,Road Frames,Black,52,"R ",Current,"The LL Frame provides a safe comfortable ride, while offering superior bump absorption in a value-priced aluminum frame."
288,FR-M94S-42,"HL Mountain Frame - Silver, 42",HL Mountain Frame,Components,Mountain Frames,Silver,42,"M ",Outdate,Each frame is hand-crafted in our Bothell facility to the optimum diameter and wall-thickness required of a premium mountain frame. The heat-treated welded aluminum frame has a larger diameter tube that absorbs the bumps.
289,FR-M94S-42,"HL Mountain Frame - Silver, 42",HL Mountain Frame,Components,Mountain Frames,Silver,42,"M ",Outdate,Each frame is hand-crafted in our Bothell facility to the optimum diameter and wall-thickness required of a premium mountain frame. The heat-treated welded aluminum frame has a larger diameter tube that absorbs the bumps.
290,FR-M94S-42,"HL Mountain Frame - Silver, 42",HL Mountain Frame,Components,Mountain Frames,Silver,42,"M ",Current,Each frame is hand-crafted in our Bothell facility to the optimum diameter and wall-thickness required of a premium mountain frame. The heat-treated welded aluminum frame has a larger diameter tube that absorbs the bumps.
291,FR-M94S-44,"HL Mountain Frame - Silver, 44",HL Mountain Frame,Components,Mountain Frames,Silver,44,"M ",Outdate,Each frame is hand-crafted in our Bothell facility to the optimum diameter and wall-thickness required of a premium mountain frame. The heat-treated welded aluminum frame has a larger diameter tube that absorbs the bumps.
292,FR-M94S-52,"HL Mountain Frame - Silver, 48",HL Mountain Frame,Components,Mountain Frames,Silver,48,"M ",Outdate,Each frame is hand-crafted in our Bothell facility to the optimum diameter and wall-thickness required of a premium mountain frame. The heat-treated welded aluminum frame has a larger diameter tube that absorbs the bumps.
293,FR-M94S-46,"HL Mountain Frame - Silver, 46",HL Mountain Frame,Components,Mountain Frames,Silver,46,"M ",Outdate,Each frame is hand-crafted in our Bothell facility to the optimum diameter and wall-thickness required of a premium mountain frame. The heat-treated welded aluminum frame has a larger diameter tube that absorbs the bumps.
294,FR-M94S-46,"HL Mountain Frame - Silver, 46",HL Mountain Frame,Components,Mountain Frames,Silver,46,"M ",Outdate,Each frame is hand-crafted in our Bothell facility to the optimum diameter and wall-thickness required of a premium mountain frame. The heat-treated welded aluminum frame has a larger diameter tube that absorbs the bumps.
295,FR-M94S-46,"HL Mountain Frame - Silver, 46",HL Mountain Frame,Components,Mountain Frames,Silver,46,"M ",Current,Each frame is hand-crafted in our Bothell facility to the optimum diameter and wall-thickness required of a premium mountain frame. The heat-treated welded aluminum frame has a larger diameter tube that absorbs the bumps.
296,FR-M94B-42,"HL Mountain Frame - Black, 42",HL Mountain Frame,Components,Mountain Frames,Black,42,"M ",Outdate,Each frame is hand-crafted in our Bothell facility to the optimum diameter and wall-thickness required of a premium mountain frame. The heat-treated welded aluminum frame has a larger diameter tube that absorbs the bumps.
297,FR-M94B-42,"HL Mountain Frame - Black, 42",HL Mountain Frame,Components,Mountain Frames,Black,42,"M ",Outdate,Each frame is hand-crafted in our Bothell facility to the optimum diameter and wall-thickness required of a premium mountain frame. The heat-treated welded aluminum frame has a larger diameter tube that absorbs the bumps.
298,FR-M94B-42,"HL Mountain Frame - Black, 42",HL Mountain Frame,Components,Mountain Frames,Black,42,"M ",Current,Each frame is hand-crafted in our Bothell facility to the optimum diameter and wall-thickness required of a premium mountain frame. The heat-treated welded aluminum frame has a larger diameter tube that absorbs the bumps.
299,FR-M94B-44,"HL Mountain Frame - Black, 44",HL Mountain Frame,Components,Mountain Frames,Black,44,"M ",Outdate,Each frame is hand-crafted in our Bothell facility to the optimum diameter and wall-thickness required of a premium mountain frame. The heat-treated welded aluminum frame has a larger diameter tube that absorbs the bumps.
300,FR-M94B-48,"HL Mountain Frame - Black, 48",HL Mountain Frame,Components,Mountain Frames,Black,48,"M ",Outdate,Each frame is hand-crafted in our Bothell facility to the optimum diameter and wall-thickness required of a premium mountain frame. The heat-treated welded aluminum frame has a larger diameter tube that absorbs the bumps.
301,FR-M94B-46,"HL Mountain Frame - Black, 46",HL Mountain Frame,Components,Mountain Frames,Black,46,"M ",Outdate,Each frame is hand-crafted in our Bothell facility to the optimum diameter and wall-thickness required of a premium mountain frame. The heat-treated welded aluminum frame has a larger diameter tube that absorbs the bumps.
302,FR-M94B-46,"HL Mountain Frame - Black, 46",HL Mountain Frame,Components,Mountain Frames,Black,46,"M ",Outdate,Each frame is hand-crafted in our Bothell facility to the optimum diameter and wall-thickness required of a premium mountain frame. The heat-treated welded aluminum frame has a larger diameter tube that absorbs the bumps.
303,FR-M94B-46,"HL Mountain Frame - Black, 46",HL Mountain Frame,Components,Mountain Frames,Black,46,"M ",Current,Each frame is hand-crafted in our Bothell facility to the optimum diameter and wall-thickness required of a premium mountain frame. The heat-treated welded aluminum frame has a larger diameter tube that absorbs the bumps.
304,FR-M94B-38,"HL Mountain Frame - Black, 38",HL Mountain Frame,Components,Mountain Frames,Black,38,"M ",Outdate,Each frame is hand-crafted in our Bothell facility to the optimum diameter and wall-thickness required of a premium mountain frame. The heat-treated welded aluminum frame has a larger diameter tube that absorbs the bumps.
305,FR-M94B-38,"HL Mountain Frame - Black, 38",HL Mountain Frame,Components,Mountain Frames,Black,38,"M ",Outdate,Each frame is hand-crafted in our Bothell facility to the optimum diameter and wall-thickness required of a premium mountain frame. The heat-treated welded aluminum frame has a larger diameter tube that absorbs the bumps.
306,FR-M94B-38,"HL Mountain Frame - Black, 38",HL Mountain Frame,Components,Mountain Frames,Black,38,"M ",Current,Each frame is hand-crafted in our Bothell facility to the optimum diameter and wall-thickness required of a premium mountain frame. The heat-treated welded aluminum frame has a larger diameter tube that absorbs the bumps.
307,FR-M94S-38,"HL Mountain Frame - Silver, 38",HL Mountain Frame,Components,Mountain Frames,Silver,38,"M ",Outdate,Each frame is hand-crafted in our Bothell facility to the optimum diameter and wall-thickness required of a premium mountain frame. The heat-treated welded aluminum frame has a larger diameter tube that absorbs the bumps.
308,FR-M94S-38,"HL Mountain Frame - Silver, 38",HL Mountain Frame,Components,Mountain Frames,Silver,38,"M ",Outdate,Each frame is hand-crafted in our Bothell facility to the optimum diameter and wall-thickness required of a premium mountain frame. The heat-treated welded aluminum frame has a larger diameter tube that absorbs the bumps.
309,FR-M94S-38,"HL Mountain Frame - Silver, 38",HL Mountain Frame,Components,Mountain Frames,Silver,38,"M ",Current,Each frame is hand-crafted in our Bothell facility to the optimum diameter and wall-thickness required of a premium mountain frame. The heat-treated welded aluminum frame has a larger diameter tube that absorbs the bumps.
310,BK-R93R-62,"Road-150 Red, 62",Road-150,Bikes,Road Bikes,Red,62,"R ",Outdate,"This bike is ridden by race winners. Developed with the Adventure Works Cycles professional race team, it has a extremely light heat-treated aluminum frame, and steering that allows precision control."
311,BK-R93R-44,"Road-150 Red, 44",Road-150,Bikes,Road Bikes,Red,44,"R ",Outdate,"This bike is ridden by race winners. Developed with the Adventure Works Cycles professional race team, it has a extremely light heat-treated aluminum frame, and steering that allows precision control."
312,BK-R93R-48,"Road-150 Red, 48",Road-150,Bikes,Road Bikes,Red,48,"R ",Outdate,"This bike is ridden by race winners. Developed with the Adventure Works Cycles professional race team, it has a extremely light heat-treated aluminum frame, and steering that allows precision control."
313,BK-R93R-52,"Road-150 Red, 52",Road-150,Bikes,Road Bikes,Red,52,"R ",Outdate,"This bike is ridden by race winners. Developed with the Adventure Works Cycles professional race team, it has a extremely light heat-treated aluminum frame, and steering that allows precision control."
314,BK-R93R-56,"Road-150 Red, 56",Road-150,Bikes,Road Bikes,Red,56,"R ",Outdate,"This bike is ridden by race winners. Developed with the Adventure Works Cycles professional race team, it has a extremely light heat-treated aluminum frame, and steering that allows precision control."
315,BK-R68R-58,"Road-450 Red, 58",Road-450,Bikes,Road Bikes,Red,58,"R ",Outdate,"A true multi-sport bike that offers streamlined riding and a revolutionary design. Aerodynamic design lets you ride with the pros, and the gearing will conquer hilly roads."
316,BK-R68R-60,"Road-450 Red, 60",Road-450,Bikes,Road Bikes,Red,60,"R ",Outdate,"A true multi-sport bike that offers streamlined riding and a revolutionary design. Aerodynamic design lets you ride with the pros, and the gearing will conquer hilly roads."
317,BK-R68R-44,"Road-450 Red, 44",Road-450,Bikes,Road Bikes,Red,44,"R ",Outdate,"A true multi-sport bike that offers streamlined riding and a revolutionary design. Aerodynamic design lets you ride with the pros, and the gearing will conquer hilly roads."
318,BK-R68R-48,"Road-450 Red, 48",Road-450,Bikes,Road Bikes,Red,48,"R ",Outdate,"A true multi-sport bike that offers streamlined riding and a revolutionary design. Aerodynamic design lets you ride with the pros, and the gearing will conquer hilly roads."
319,BK-R68R-52,"Road-450 Red, 52",Road-450,Bikes,Road Bikes,Red,52,"R ",Outdate,"A true multi-sport bike that offers streamlined riding and a revolutionary design. Aerodynamic design lets you ride with the pros, and the gearing will conquer hilly roads."
320,BK-R50R-58,"Road-650 Red, 58",Road-650,Bikes,Road Bikes,Red,58,"R ",Outdate,"Value-priced bike with many features of our top-of-the-line models. Has the same light, stiff frame, and the quick acceleration we're famous for."
321,BK-R50R-58,"Road-650 Red, 58",Road-650,Bikes,Road Bikes,Red,58,"R ",Outdate,"Value-priced bike with many features of our top-of-the-line models. Has the same light, stiff frame, and the quick acceleration we're famous for."
322,BK-R50R-60,"Road-650 Red, 60",Road-650,Bikes,Road Bikes,Red,60,"R ",Outdate,"Value-priced bike with many features of our top-of-the-line models. Has the same light, stiff frame, and the quick acceleration we're famous for."
323,BK-R50R-60,"Road-650 Red, 60",Road-650,Bikes,Road Bikes,Red,60,"R ",Outdate,"Value-priced bike with many features of our top-of-the-line models. Has the same light, stiff frame, and the quick acceleration we're famous for."
324,BK-R50R-62,"Road-650 Red, 62",Road-650,Bikes,Road Bikes,Red,62,"R ",Outdate,"Value-priced bike with many features of our top-of-the-line models. Has the same light, stiff frame, and the quick acceleration we're famous for."
325,BK-R50R-62,"Road-650 Red, 62",Road-650,Bikes,Road Bikes,Red,62,"R ",Outdate,"Value-priced bike with many features of our top-of-the-line models. Has the same light, stiff frame, and the quick acceleration we're famous for."
326,BK-R50R-44,"Road-650 Red, 44",Road-650,Bikes,Road Bikes,Red,44,"R ",Outdate,"Value-priced bike with many features of our top-of-the-line models. Has the same light, stiff frame, and the quick acceleration we're famous for."
327,BK-R50R-44,"Road-650 Red, 44",Road-650,Bikes,Road Bikes,Red,44,"R ",Outdate,"Value-priced bike with many features of our top-of-the-line models. Has the same light, stiff frame, and the quick acceleration we're famous for."
328,BK-R50R-48,"Road-650 Red, 48",Road-650,Bikes,Road Bikes,Red,48,"R ",Outdate,"Value-priced bike with many features of our top-of-the-line models. Has the same light, stiff frame, and the quick acceleration we're famous for."
329,BK-R50R-48,"Road-650 Red, 48",Road-650,Bikes,Road Bikes,Red,48,"R ",Outdate,"Value-priced bike with many features of our top-of-the-line models. Has the same light, stiff frame, and the quick acceleration we're famous for."
330,BK-R50R-52,"Road-650 Red, 52",Road-650,Bikes,Road Bikes,Red,52,"R ",Outdate,"Value-priced bike with many features of our top-of-the-line models. Has the same light, stiff frame, and the quick acceleration we're famous for."
331,BK-R50R-52,"Road-650 Red, 52",Road-650,Bikes,Road Bikes,Red,52,"R ",Outdate,"Value-priced bike with many features of our top-of-the-line models. Has the same light, stiff frame, and the quick acceleration we're famous for."
332,BK-R50B-58,"Road-650 Black, 58",Road-650,Bikes,Road Bikes,Black,58,"R ",Outdate,"Value-priced bike with many features of our top-of-the-line models. Has the same light, stiff frame, and the quick acceleration we're famous for."
333,BK-R50B-58,"Road-650 Black, 58",Road-650,Bikes,Road Bikes,Black,58,"R ",Outdate,"Value-priced bike with many features of our top-of-the-line models. Has the same light, stiff frame, and the quick acceleration we're famous for."
334,BK-R50B-60,"Road-650 Black, 60",Road-650,Bikes,Road Bikes,Black,60,"R ",Outdate,"Value-priced bike with many features of our top-of-the-line models. Has the same light, stiff frame, and the quick acceleration we're famous for."
335,BK-R50B-60,"Road-650 Black, 60",Road-650,Bikes,Road Bikes,Black,60,"R ",Outdate,"Value-priced bike with many features of our top-of-the-line models. Has the same light, stiff frame, and the quick acceleration we're famous for."
336,BK-R50B-62,"Road-650 Black, 62",Road-650,Bikes,Road Bikes,Black,62,"R ",Outdate,"Value-priced bike with many features of our top-of-the-line models. Has the same light, stiff frame, and the quick acceleration we're famous for."
337,BK-R50B-62,"Road-650 Black, 62",Road-650,Bikes,Road Bikes,Black,62,"R ",Outdate,"Value-priced bike with many features of our top-of-the-line models. Has the same light, stiff frame, and the quick acceleration we're famous for."
338,BK-R50B-44,"Road-650 Black, 44",Road-650,Bikes,Road Bikes,Black,44,"R ",Outdate,"Value-priced bike with many features of our top-of-the-line models. Has the same light, stiff frame, and the quick acceleration we're famous for."
339,BK-R50B-44,"Road-650 Black, 44",Road-650,Bikes,Road Bikes,Black,44,"R ",Outdate,"Value-priced bike with many features of our top-of-the-line models. Has the same light, stiff frame, and the quick acceleration we're famous for."
340,BK-R50B-48,"Road-650 Black, 48",Road-650,Bikes,Road Bikes,Black,48,"R ",Outdate,"Value-priced bike with many features of our top-of-the-line models. Has the same light, stiff frame, and the quick acceleration we're famous for."
341,BK-R50B-48,"Road-650 Black, 48",Road-650,Bikes,Road Bikes,Black,48,"R ",Outdate,"Value-priced bike with many features of our top-of-the-line models. Has the same light, stiff frame, and the quick acceleration we're famous for."
342,BK-R50B-52,"Road-650 Black, 52",Road-650,Bikes,Road Bikes,Black,52,"R ",Outdate,"Value-priced bike with many features of our top-of-the-line models. Has the same light, stiff frame, and the quick acceleration we're famous for."
343,BK-R50B-52,"Road-650 Black, 52",Road-650,Bikes,Road Bikes,Black,52,"R ",Outdate,"Value-priced bike with many features of our top-of-the-line models. Has the same light, stiff frame, and the quick acceleration we're famous for."
344,BK-M82S-38,"Mountain-100 Silver, 38",Mountain-100,Bikes,Mountain Bikes,Silver,38,"M ",Outdate,"Top-of-the-line competition mountain bike. Performance-enhancing options include the innovative HL Frame, super-smooth front suspension, and traction for all terrain."
345,BK-M82S-42,"Mountain-100 Silver, 42",Mountain-100,Bikes,Mountain Bikes,Silver,42,"M ",Outdate,"Top-of-the-line competition mountain bike. Performance-enhancing options include the innovative HL Frame, super-smooth front suspension, and traction for all terrain."
346,BK-M82S-44,"Mountain-100 Silver, 44",Mountain-100,Bikes,Mountain Bikes,Silver,44,"M ",Outdate,"Top-of-the-line competition mountain bike. Performance-enhancing options include the innovative HL Frame, super-smooth front suspension, and traction for all terrain."
347,BK-M82S-48,"Mountain-100 Silver, 48",Mountain-100,Bikes,Mountain Bikes,Silver,48,"M ",Outdate,"Top-of-the-line competition mountain bike. Performance-enhancing options include the innovative HL Frame, super-smooth front suspension, and traction for all terrain."
348,BK-M82B-38,"Mountain-100 Black, 38",Mountain-100,Bikes,Mountain Bikes,Black,38,"M ",Outdate,"Top-of-the-line competition mountain bike. Performance-enhancing options include the innovative HL Frame, super-smooth front suspension, and traction for all terrain."
349,BK-M82B-42,"Mountain-100 Black, 42",Mountain-100,Bikes,Mountain Bikes,Black,42,"M ",Outdate,"Top-of-the-line competition mountain bike. Performance-enhancing options include the innovative HL Frame, super-smooth front suspension, and traction for all terrain."
350,BK-M82B-44,"Mountain-100 Black, 44",Mountain-100,Bikes,Mountain Bikes,Black,44,"M ",Outdate,"Top-of-the-line competition mountain bike. Performance-enhancing options include the innovative HL Frame, super-smooth front suspension, and traction for all terrain."
351,BK-M82B-48,"Mountain-100 Black, 48",Mountain-100,Bikes,Mountain Bikes,Black,48,"M ",Outdate,"Top-of-the-line competition mountain bike. Performance-enhancing options include the innovative HL Frame, super-smooth front suspension, and traction for all terrain."
352,BK-M68S-38,"Mountain-200 Silver, 38",Mountain-200,Bikes,Mountain Bikes,Silver,38,"M ",Outdate,Serious back-country riding. Perfect for all levels of competition. Uses the same HL Frame as the Mountain-100.
353,BK-M68S-38,"Mountain-200 Silver, 38",Mountain-200,Bikes,Mountain Bikes,Silver,38,"M ",Current,Serious back-country riding. Perfect for all levels of competition. Uses the same HL Frame as the Mountain-100.
354,BK-M68S-42,"Mountain-200 Silver, 42",Mountain-200,Bikes,Mountain Bikes,Silver,42,"M ",Outdate,Serious back-country riding. Perfect for all levels of competition. Uses the same HL Frame as the Mountain-100.
355,BK-M68S-42,"Mountain-200 Silver, 42",Mountain-200,Bikes,Mountain Bikes,Silver,42,"M ",Current,Serious back-country riding. Perfect for all levels of competition. Uses the same HL Frame as the Mountain-100.
356,BK-M68S-46,"Mountain-200 Silver, 46",Mountain-200,Bikes,Mountain Bikes,Silver,46,"M ",Outdate,Serious back-country riding. Perfect for all levels of competition. Uses the same HL Frame as the Mountain-100.
357,BK-M68S-46,"Mountain-200 Silver, 46",Mountain-200,Bikes,Mountain Bikes,Silver,46,"M ",Current,Serious back-country riding. Perfect for all levels of competition. Uses the same HL Frame as the Mountain-100.
358,BK-M68B-38,"Mountain-200 Black, 38",Mountain-200,Bikes,Mountain Bikes,Black,38,"M ",Outdate,Serious back-country riding. Perfect for all levels of competition. Uses the same HL Frame as the Mountain-100.
359,BK-M68B-38,"Mountain-200 Black, 38",Mountain-200,Bikes,Mountain Bikes,Black,38,"M ",Current,Serious back-country riding. Perfect for all levels of competition. Uses the same HL Frame as the Mountain-100.
360,BK-M68B-42,"Mountain-200 Black, 42",Mountain-200,Bikes,Mountain Bikes,Black,42,"M ",Outdate,Serious back-country riding. Perfect for all levels of competition. Uses the same HL Frame as the Mountain-100.
361,BK-M68B-42,"Mountain-200 Black, 42",Mountain-200,Bikes,Mountain Bikes,Black,42,"M ",Current,Serious back-country riding. Perfect for all levels of competition. Uses the same HL Frame as the Mountain-100.
362,BK-M68B-46,"Mountain-200 Black, 46",Mountain-200,Bikes,Mountain Bikes,Black,46,"M ",Outdate,Serious back-country riding. Perfect for all levels of competition. Uses the same HL Frame as the Mountain-100.
363,BK-M68B-46,"Mountain-200 Black, 46",Mountain-200,Bikes,Mountain Bikes,Black,46,"M ",Current,Serious back-country riding. Perfect for all levels of competition. Uses the same HL Frame as the Mountain-100.
364,BK-M47B-38,"Mountain-300 Black, 38",Mountain-300,Bikes,Mountain Bikes,Black,38,"M ",Outdate,For true trail addicts.  An extremely durable bike that will go anywhere and keep you in control on challenging terrain - without breaking your budget.
365,BK-M47B-40,"Mountain-300 Black, 40",Mountain-300,Bikes,Mountain Bikes,Black,40,"M ",Outdate,For true trail addicts.  An extremely durable bike that will go anywhere and keep you in control on challenging terrain - without breaking your budget.
366,BK-M47B-44,"Mountain-300 Black, 44",Mountain-300,Bikes,Mountain Bikes,Black,44,"M ",Outdate,For true trail addicts.  An extremely durable bike that will go anywhere and keep you in control on challenging terrain - without breaking your budget.
367,BK-M47B-48,"Mountain-300 Black, 48",Mountain-300,Bikes,Mountain Bikes,Black,48,"M ",Outdate,For true trail addicts.  An extremely durable bike that will go anywhere and keep you in control on challenging terrain - without breaking your budget.
368,BK-R89R-44,"Road-250 Red, 44",Road-250,Bikes,Road Bikes,Red,44,"R ",Outdate,"Alluminum-alloy frame provides a light, stiff ride, whether you are racing in the velodrome or on a demanding club ride on country roads."
369,BK-R89R-48,"Road-250 Red, 48",Road-250,Bikes,Road Bikes,Red,48,"R ",Outdate,"Alluminum-alloy frame provides a light, stiff ride, whether you are racing in the velodrome or on a demanding club ride on country roads."
370,BK-R89R-52,"Road-250 Red, 52",Road-250,Bikes,Road Bikes,Red,52,"R ",Outdate,"Alluminum-alloy frame provides a light, stiff ride, whether you are racing in the velodrome or on a demanding club ride on country roads."
371,BK-R89R-58,"Road-250 Red, 58",Road-250,Bikes,Road Bikes,Red,58,"R ",Outdate,"Alluminum-alloy frame provides a light, stiff ride, whether you are racing in the velodrome or on a demanding club ride on country roads."
372,BK-R89R-58,"Road-250 Red, 58",Road-250,Bikes,Road Bikes,Red,58,"R ",Current,"Alluminum-alloy frame provides a light, stiff ride, whether you are racing in the velodrome or on a demanding club ride on country roads."
373,BK-R89B-44,"Road-250 Black, 44",Road-250,Bikes,Road Bikes,Black,44,"R ",Outdate,"Alluminum-alloy frame provides a light, stiff ride, whether you are racing in the velodrome or on a demanding club ride on country roads."
374,BK-R89B-44,"Road-250 Black, 44",Road-250,Bikes,Road Bikes,Black,44,"R ",Current,"Alluminum-alloy frame provides a light, stiff ride, whether you are racing in the velodrome or on a demanding club ride on country roads."
375,BK-R89B-48,"Road-250 Black, 48",Road-250,Bikes,Road Bikes,Black,48,"R ",Outdate,"Alluminum-alloy frame provides a light, stiff ride, whether you are racing in the velodrome or on a demanding club ride on country roads."
376,BK-R89B-48,"Road-250 Black, 48",Road-250,Bikes,Road Bikes,Black,48,"R ",Current,"Alluminum-alloy frame provides a light, stiff ride, whether you are racing in the velodrome or on a demanding club ride on country roads."
377,BK-R89B-52,"Road-250 Black, 52",Road-250,Bikes,Road Bikes,Black,52,"R ",Outdate,"Alluminum-alloy frame provides a light, stiff ride, whether you are racing in the velodrome or on a demanding club ride on country roads."
378,BK-R89B-52,"Road-250 Black, 52",Road-250,Bikes,Road Bikes,Black,52,"R ",Current,"Alluminum-alloy frame provides a light, stiff ride, whether you are racing in the velodrome or on a demanding club ride on country roads."
379,BK-R89B-58,"Road-250 Black, 58",Road-250,Bikes,Road Bikes,Black,58,"R ",Outdate,"Alluminum-alloy frame provides a light, stiff ride, whether you are racing in the velodrome or on a demanding club ride on country roads."
380,BK-R89B-58,"Road-250 Black, 58",Road-250,Bikes,Road Bikes,Black,58,"R ",Current,"Alluminum-alloy frame provides a light, stiff ride, whether you are racing in the velodrome or on a demanding club ride on country roads."
381,BK-R64Y-38,"Road-550-W Yellow, 38",Road-550-W,Bikes,Road Bikes,Yellow,38,"R ",Outdate,"Same technology as all of our Road series bikes, but the frame is sized for a woman.  Perfect all-around bike for road or racing."
382,BK-R64Y-38,"Road-550-W Yellow, 38",Road-550-W,Bikes,Road Bikes,Yellow,38,"R ",Current,"Same technology as all of our Road series bikes, but the frame is sized for a woman.  Perfect all-around bike for road or racing."
383,BK-R64Y-40,"Road-550-W Yellow, 40",Road-550-W,Bikes,Road Bikes,Yellow,40,"R ",Outdate,"Same technology as all of our Road series bikes, but the frame is sized for a woman.  Perfect all-around bike for road or racing."
384,BK-R64Y-40,"Road-550-W Yellow, 40",Road-550-W,Bikes,Road Bikes,Yellow,40,"R ",Current,"Same technology as all of our Road series bikes, but the frame is sized for a woman.  Perfect all-around bike for road or racing."
385,BK-R64Y-42,"Road-550-W Yellow, 42",Road-550-W,Bikes,Road Bikes,Yellow,42,"R ",Outdate,"Same technology as all of our Road series bikes, but the frame is sized for a woman.  Perfect all-around bike for road or racing."
386,BK-R64Y-42,"Road-550-W Yellow, 42",Road-550-W,Bikes,Road Bikes,Yellow,42,"R ",Current,"Same technology as all of our Road series bikes, but the frame is sized for a woman.  Perfect all-around bike for road or racing."
387,BK-R64Y-44,"Road-550-W Yellow, 44",Road-550-W,Bikes,Road Bikes,Yellow,44,"R ",Outdate,"Same technology as all of our Road series bikes, but the frame is sized for a woman.  Perfect all-around bike for road or racing."
388,BK-R64Y-44,"Road-550-W Yellow, 44",Road-550-W,Bikes,Road Bikes,Yellow,44,"R ",Current,"Same technology as all of our Road series bikes, but the frame is sized for a woman.  Perfect all-around bike for road or racing."
389,BK-R64Y-48,"Road-550-W Yellow, 48",Road-550-W,Bikes,Road Bikes,Yellow,48,"R ",Outdate,"Same technology as all of our Road series bikes, but the frame is sized for a woman.  Perfect all-around bike for road or racing."
390,BK-R64Y-48,"Road-550-W Yellow, 48",Road-550-W,Bikes,Road Bikes,Yellow,48,"R ",Current,"Same technology as all of our Road series bikes, but the frame is sized for a woman.  Perfect all-around bike for road or racing."
391,FK-1639,LL Fork,LL Fork,Components,Forks,NA,NULL,NULL,Outdate,Stout design absorbs shock and offers more precise steering.
392,FK-5136,ML Fork,ML Fork,Components,Forks,NA,NULL,NULL,Outdate,Composite road fork with an aluminum steerer tube.
393,FK-9939,HL Fork,HL Fork,Components,Forks,NA,NULL,NULL,Outdate,High-performance carbon road fork with curved legs.
394,HS-0296,LL Headset,LL Headset,Components,Headsets,NA,NULL,NULL,Outdate,Threadless headset provides quality at an economical price.
395,HS-2451,ML Headset,ML Headset,Components,Headsets,NA,NULL,NULL,Outdate,Sealed cartridge keeps dirt out.
396,HS-3479,HL Headset,HL Headset,Components,Headsets,NA,NULL,NULL,Outdate,"High-quality 1"" threadless headset with a grease port for quick lubrication."
397,HB-M243,LL Mountain Handlebars,LL Mountain Handlebars,Components,Handlebars,NA,NULL,"M ",Outdate,All-purpose bar for on or off-road.
398,HB-M243,LL Mountain Handlebars,LL Mountain Handlebars,Components,Handlebars,NA,NULL,"M ",Current,All-purpose bar for on or off-road.
399,HB-M763,ML Mountain Handlebars,ML Mountain Handlebars,Components,Handlebars,NA,NULL,"M ",Outdate,Tough aluminum alloy bars for downhill.
400,HB-M763,ML Mountain Handlebars,ML Mountain Handlebars,Components,Handlebars,NA,NULL,"M ",Current,Tough aluminum alloy bars for downhill.
401,HB-M918,HL Mountain Handlebars,HL Mountain Handlebars,Components,Handlebars,NA,NULL,"M ",Outdate,Flat bar strong enough for the pro circuit.
402,HB-M918,HL Mountain Handlebars,HL Mountain Handlebars,Components,Handlebars,NA,NULL,"M ",Current,Flat bar strong enough for the pro circuit.
403,HB-R504,LL Road Handlebars,LL Road Handlebars,Components,Handlebars,NA,NULL,"R ",Outdate,Unique shape provides easier reach to the levers.
404,HB-R504,LL Road Handlebars,LL Road Handlebars,Components,Handlebars,NA,NULL,"R ",Current,Unique shape provides easier reach to the levers.
405,HB-R720,ML Road Handlebars,ML Road Handlebars,Components,Handlebars,NA,NULL,"R ",Outdate,Anatomically shaped aluminum tube bar will suit all riders.
406,HB-R720,ML Road Handlebars,ML Road Handlebars,Components,Handlebars,NA,NULL,"R ",Current,Anatomically shaped aluminum tube bar will suit all riders.
407,HB-R956,HL Road Handlebars,HL Road Handlebars,Components,Handlebars,NA,NULL,"R ",Outdate,Designed for racers; high-end anatomically shaped bar from aluminum alloy.
408,HB-R956,HL Road Handlebars,HL Road Handlebars,Components,Handlebars,NA,NULL,"R ",Current,Designed for racers; high-end anatomically shaped bar from aluminum alloy.
409,FR-M63B-38,"ML Mountain Frame - Black, 38",ML Mountain Frame-W,Components,Mountain Frames,Black,38,"M ",Outdate,The ML frame is a heat-treated aluminum frame made with the same detail and quality as our HL frame. It offers superior performance. Men's version.
410,FW-M423,LL Mountain Front Wheel,LL Mountain Front Wheel,Components,Wheels,Black,NULL,"M ",Outdate,Replacement mountain wheel for entry-level rider.
411,FW-M762,ML Mountain Front Wheel,ML Mountain Front Wheel,Components,Wheels,Black,NULL,"M ",Outdate,Replacement mountain wheel for the casual to serious rider.
412,FW-M928,HL Mountain Front Wheel,HL Mountain Front Wheel,Components,Wheels,Black,NULL,"M ",Outdate,High-performance mountain replacement wheel.
413,FW-R623,LL Road Front Wheel,LL Road Front Wheel,Components,Wheels,Black,NULL,"R ",Outdate,Replacement road front wheel for entry-level cyclist.
414,FW-R762,ML Road Front Wheel,ML Road Front Wheel,Components,Wheels,Black,NULL,"R ",Outdate,Sturdy alloy features a quick-release hub.
415,FW-R820,HL Road Front Wheel,HL Road Front Wheel,Components,Wheels,Black,NULL,"R ",Outdate,Strong wheel with double-walled rim.
416,FW-T905,Touring Front Wheel,Touring Front Wheel,Components,Wheels,Black,NULL,"T ",Outdate,Aerodynamic rims for smooth riding.
417,FR-R72Y-38,"ML Road Frame-W - Yellow, 38",ML Road Frame-W,Components,Road Frames,Yellow,38,"R ",Outdate,"Made from the same aluminum alloy as our top-of-the line HL frame, the ML features a lightweight down-tube milled to the perfect diameter for optimal strength. Women's version."
418,FR-R72Y-38,"ML Road Frame-W - Yellow, 38",ML Road Frame-W,Components,Road Frames,Yellow,38,"R ",Current,"Made from the same aluminum alloy as our top-of-the line HL frame, the ML features a lightweight down-tube milled to the perfect diameter for optimal strength. Women's version."
419,RW-M423,LL Mountain Rear Wheel,LL Mountain Rear Wheel,Components,Wheels,Black,NULL,"M ",Outdate,Replacement mountain wheel for entry-level rider.
420,RW-M762,ML Mountain Rear Wheel,ML Mountain Rear Wheel,Components,Wheels,Black,NULL,"M ",Outdate,Replacement mountain wheel for the casual to serious rider.
421,RW-M928,HL Mountain Rear Wheel,HL Mountain Rear Wheel,Components,Wheels,Black,NULL,"M ",Outdate,High-performance mountain replacement wheel.
422,RW-R623,LL Road Rear Wheel,LL Road Rear Wheel,Components,Wheels,Black,NULL,"R ",Outdate,Replacement road rear wheel for entry-level cyclist.
423,RW-R762,ML Road Rear Wheel,ML Road Rear Wheel,Components,Wheels,Black,NULL,"R ",Outdate,Aluminum alloy rim with stainless steel spokes; built for speed.
424,RW-R820,HL Road Rear Wheel,HL Road Rear Wheel,Components,Wheels,Black,NULL,"R ",Outdate,Strong rear wheel with double-walled rim.
425,RW-T905,Touring Rear Wheel,Touring Rear Wheel,Components,Wheels,Black,NULL,"T ",Outdate,Excellent aerodynamic rims guarantee a smooth ride.
426,FR-M63B-40,"ML Mountain Frame - Black, 40",ML Mountain Frame,Components,Mountain Frames,Black,40,"M ",Outdate,The ML frame is a heat-treated aluminum frame made with the same detail and quality as our HL frame. It offers superior performance. Women's version.
427,FR-M63B-44,"ML Mountain Frame - Black, 44",ML Mountain Frame,Components,Mountain Frames,Black,44,"M ",Outdate,The ML frame is a heat-treated aluminum frame made with the same detail and quality as our HL frame. It offers superior performance. Women's version.
428,FR-M63B-48,"ML Mountain Frame - Black, 48",ML Mountain Frame,Components,Mountain Frames,Black,48,"M ",Outdate,The ML frame is a heat-treated aluminum frame made with the same detail and quality as our HL frame. It offers superior performance. Women's version.
429,FR-R72Y-40,"ML Road Frame-W - Yellow, 40",ML Road Frame-W,Components,Road Frames,Yellow,40,"R ",Outdate,"Made from the same aluminum alloy as our top-of-the line HL frame, the ML features a lightweight down-tube milled to the perfect diameter for optimal strength. Women's version."
430,FR-R72Y-40,"ML Road Frame-W - Yellow, 40",ML Road Frame-W,Components,Road Frames,Yellow,40,"R ",Current,"Made from the same aluminum alloy as our top-of-the line HL frame, the ML features a lightweight down-tube milled to the perfect diameter for optimal strength. Women's version."
431,FR-R72Y-42,"ML Road Frame-W - Yellow, 42",ML Road Frame-W,Components,Road Frames,Yellow,42,"R ",Outdate,"Made from the same aluminum alloy as our top-of-the line HL frame, the ML features a lightweight down-tube milled to the perfect diameter for optimal strength. Women's version."
432,FR-R72Y-42,"ML Road Frame-W - Yellow, 42",ML Road Frame-W,Components,Road Frames,Yellow,42,"R ",Current,"Made from the same aluminum alloy as our top-of-the line HL frame, the ML features a lightweight down-tube milled to the perfect diameter for optimal strength. Women's version."
433,FR-R72Y-44,"ML Road Frame-W - Yellow, 44",ML Road Frame-W,Components,Road Frames,Yellow,44,"R ",Outdate,"Made from the same aluminum alloy as our top-of-the line HL frame, the ML features a lightweight down-tube milled to the perfect diameter for optimal strength. Women's version."
434,FR-R72Y-44,"ML Road Frame-W - Yellow, 44",ML Road Frame-W,Components,Road Frames,Yellow,44,"R ",Current,"Made from the same aluminum alloy as our top-of-the line HL frame, the ML features a lightweight down-tube milled to the perfect diameter for optimal strength. Women's version."
435,FR-R72Y-48,"ML Road Frame-W - Yellow, 48",ML Road Frame-W,Components,Road Frames,Yellow,48,"R ",Outdate,"Made from the same aluminum alloy as our top-of-the line HL frame, the ML features a lightweight down-tube milled to the perfect diameter for optimal strength. Women's version."
436,FR-R72Y-48,"ML Road Frame-W - Yellow, 48",ML Road Frame-W,Components,Road Frames,Yellow,48,"R ",Current,"Made from the same aluminum alloy as our top-of-the line HL frame, the ML features a lightweight down-tube milled to the perfect diameter for optimal strength. Women's version."
437,FR-R92B-62,"HL Road Frame - Black, 62",HL Road Frame,Components,Road Frames,Black,62,"R ",Outdate,Our lightest and best quality aluminum frame made from the newest alloy; it is welded and heat-treated for strength. Our innovative design results in maximum comfort and performance.
438,FR-R92B-62,"HL Road Frame - Black, 62",HL Road Frame,Components,Road Frames,Black,62,"R ",Current,Our lightest and best quality aluminum frame made from the newest alloy; it is welded and heat-treated for strength. Our innovative design results in maximum comfort and performance.
439,FR-R92B-44,"HL Road Frame - Black, 44",HL Road Frame,Components,Road Frames,Black,44,"R ",Outdate,Our lightest and best quality aluminum frame made from the newest alloy; it is welded and heat-treated for strength. Our innovative design results in maximum comfort and performance.
440,FR-R92B-44,"HL Road Frame - Black, 44",HL Road Frame,Components,Road Frames,Black,44,"R ",Current,Our lightest and best quality aluminum frame made from the newest alloy; it is welded and heat-treated for strength. Our innovative design results in maximum comfort and performance.
441,FR-R92B-48,"HL Road Frame - Black, 48",HL Road Frame,Components,Road Frames,Black,48,"R ",Outdate,Our lightest and best quality aluminum frame made from the newest alloy; it is welded and heat-treated for strength. Our innovative design results in maximum comfort and performance.
442,FR-R92B-48,"HL Road Frame - Black, 48",HL Road Frame,Components,Road Frames,Black,48,"R ",Current,Our lightest and best quality aluminum frame made from the newest alloy; it is welded and heat-treated for strength. Our innovative design results in maximum comfort and performance.
443,FR-R92B-52,"HL Road Frame - Black, 52",HL Road Frame,Components,Road Frames,Black,52,"R ",Outdate,Our lightest and best quality aluminum frame made from the newest alloy; it is welded and heat-treated for strength. Our innovative design results in maximum comfort and performance.
444,FR-R92B-52,"HL Road Frame - Black, 52",HL Road Frame,Components,Road Frames,Black,52,"R ",Current,Our lightest and best quality aluminum frame made from the newest alloy; it is welded and heat-treated for strength. Our innovative design results in maximum comfort and performance.
445,SH-M897-S,"Men's Sports Shorts, S",Men's Sports Shorts,Clothing,Shorts,Black,S,"S ",Outdate,Men's 8-panel racing shorts - lycra with an elastic waistband and leg grippers.
446,PA-T100,"Touring-Panniers, Large",Touring-Panniers,Accessories,Panniers,Grey,NULL,"T ",Outdate,"Durable, water-proof nylon construction with easy access. Large enough for weekend trips."
447,LO-C100,Cable Lock,Cable Lock,Accessories,Locks,NA,NULL,"S ",Outdate,"Wraps to fit front and rear tires, carrier and 2 keys included."
448,PU-0452,Minipump,Minipump,Accessories,Pumps,NA,NULL,"S ",Outdate,Designed for convenience. Fits in your pocket. Aluminum barrel. 160psi rated.
449,PU-M044,Mountain Pump,Mountain Pump,Accessories,Pumps,NA,NULL,"M ",Outdate,Simple and light-weight. Emergency patches stored in handle.
450,LT-T990,Taillights - Battery-Powered,Taillight,Accessories,Lights,NA,NULL,"R ",Outdate,Affordable light for safe night riding - uses 3 AAA batteries
451,LT-H902,Headlights - Dual-Beam,Headlights - Dual-Beam,Accessories,Lights,NA,NULL,"R ",Outdate,Rechargeable dual-beam headlight.
452,LT-H903,Headlights - Weatherproof,Headlights - Weatherproof,Accessories,Lights,NA,NULL,"R ",Outdate,Rugged weatherproof headlight.
453,SH-M897-M,"Men's Sports Shorts, M",Men's Sports Shorts,Clothing,Shorts,Black,M,"S ",Outdate,Men's 8-panel racing shorts - lycra with an elastic waistband and leg grippers.
454,SH-M897-L,"Men's Sports Shorts, L",Men's Sports Shorts,Clothing,Shorts,Black,L,"S ",Outdate,Men's 8-panel racing shorts - lycra with an elastic waistband and leg grippers.
455,SH-M897-X,"Men's Sports Shorts, XL",Men's Sports Shorts,Clothing,Shorts,Black,XL,"S ",Outdate,Men's 8-panel racing shorts - lycra with an elastic waistband and leg grippers.
456,TG-W091-S,"Women's Tights, S",Women's Tights,Clothing,Tights,Black,S,"S ",Outdate,Warm spandex tights for winter riding; seamless chamois construction eliminates pressure points.
457,TG-W091-M,"Women's Tights, M",Women's Tights,Clothing,Tights,Black,M,"S ",Outdate,Warm spandex tights for winter riding; seamless chamois construction eliminates pressure points.
458,TG-W091-L,"Women's Tights, L",Women's Tights,Clothing,Tights,Black,L,"S ",Outdate,Warm spandex tights for winter riding; seamless chamois construction eliminates pressure points.
459,SB-M891-S,"Men's Bib-Shorts, S",Men's Bib-Shorts,Clothing,Bib-Shorts,Multi,S,"S ",Outdate,"Designed for the AWC team with stay-put straps, moisture-control, chamois padding, and leg grippers."
460,SB-M891-M,"Men's Bib-Shorts, M",Men's Bib-Shorts,Clothing,Bib-Shorts,Multi,M,"S ",Outdate,"Designed for the AWC team with stay-put straps, moisture-control, chamois padding, and leg grippers."
461,SB-M891-L,"Men's Bib-Shorts, L",Men's Bib-Shorts,Clothing,Bib-Shorts,Multi,L,"S ",Outdate,"Designed for the AWC team with stay-put straps, moisture-control, chamois padding, and leg grippers."
462,GL-H102-S,"Half-Finger Gloves, S",Half-Finger Gloves,Clothing,Gloves,Black,S,"S ",Outdate,"Full padding, improved finger flex, durable palm, adjustable closure."
463,GL-H102-S,"Half-Finger Gloves, S",Half-Finger Gloves,Clothing,Gloves,Black,S,"S ",Current,"Full padding, improved finger flex, durable palm, adjustable closure."
464,GL-H102-M,"Half-Finger Gloves, M",Half-Finger Gloves,Clothing,Gloves,Black,M,"S ",Outdate,"Full padding, improved finger flex, durable palm, adjustable closure."
465,GL-H102-M,"Half-Finger Gloves, M",Half-Finger Gloves,Clothing,Gloves,Black,M,"S ",Current,"Full padding, improved finger flex, durable palm, adjustable closure."
466,GL-H102-L,"Half-Finger Gloves, L",Half-Finger Gloves,Clothing,Gloves,Black,L,"S ",Outdate,"Full padding, improved finger flex, durable palm, adjustable closure."
467,GL-H102-L,"Half-Finger Gloves, L",Half-Finger Gloves,Clothing,Gloves,Black,L,"S ",Current,"Full padding, improved finger flex, durable palm, adjustable closure."
468,GL-F110-S,"Full-Finger Gloves, S",Full-Finger Gloves,Clothing,Gloves,Black,S,"M ",Outdate,"Synthetic palm, flexible knuckles, breathable mesh upper. Worn by the AWC team riders."
469,GL-F110-M,"Full-Finger Gloves, M",Full-Finger Gloves,Clothing,Gloves,Black,M,"M ",Outdate,"Synthetic palm, flexible knuckles, breathable mesh upper. Worn by the AWC team riders."
470,GL-F110-L,"Full-Finger Gloves, L",Full-Finger Gloves,Clothing,Gloves,Black,L,"M ",Outdate,"Synthetic palm, flexible knuckles, breathable mesh upper. Worn by the AWC team riders."
471,VE-C304-S,"Classic Vest, S",Classic Vest,Clothing,Vests,Blue,S,"S ",Current,"Light-weight, wind-resistant, packs to fit into a pocket."
472,VE-C304-M,"Classic Vest, M",Classic Vest,Clothing,Vests,Blue,M,"S ",Current,"Light-weight, wind-resistant, packs to fit into a pocket."
473,VE-C304-L,"Classic Vest, L",Classic Vest,Clothing,Vests,Blue,L,"S ",Current,"Light-weight, wind-resistant, packs to fit into a pocket."
474,SH-W890-S,"Women's Mountain Shorts, S",Women's Mountain Shorts,Clothing,Shorts,Black,S,"M ",Current,"Heavy duty, abrasion-resistant shorts feature seamless, lycra inner shorts with anti-bacterial chamois for comfort."
475,SH-W890-M,"Women's Mountain Shorts, M",Women's Mountain Shorts,Clothing,Shorts,Black,M,"M ",Current,"Heavy duty, abrasion-resistant shorts feature seamless, lycra inner shorts with anti-bacterial chamois for comfort."
476,SH-W890-L,"Women's Mountain Shorts, L",Women's Mountain Shorts,Clothing,Shorts,Black,L,"M ",Current,"Heavy duty, abrasion-resistant shorts feature seamless, lycra inner shorts with anti-bacterial chamois for comfort."
477,WB-H098,Water Bottle - 30 oz.,Water Bottle,Accessories,Bottles and Cages,NA,NULL,"S ",Current,AWC logo water bottle - holds 30 oz; leak-proof.
478,BC-M005,Mountain Bottle Cage,Mountain Bottle Cage,Accessories,Bottles and Cages,NA,NULL,"M ",Current,Tough aluminum cage holds bottle securly on tough terrain.
479,BC-R205,Road Bottle Cage,Road Bottle Cage,Accessories,Bottles and Cages,NA,NULL,"R ",Current,Aluminum cage is lighter than our mountain version; perfect for long distance trips.
480,PK-7098,Patch Kit/8 Patches,Patch kit,Accessories,Tires and Tubes,NA,NULL,"S ",Current,"Includes 8 different size patches, glue and sandpaper."
481,SO-R809-M,"Racing Socks, M",Racing Socks,Clothing,Socks,White,M,"R ",Current,"Thin, lightweight and durable with cuffs that stay up."
482,SO-R809-L,"Racing Socks, L",Racing Socks,Clothing,Socks,White,L,"R ",Current,"Thin, lightweight and durable with cuffs that stay up."
483,RA-H123,Hitch Rack - 4-Bike,Hitch Rack - 4-Bike,Accessories,Bike Racks,NA,NULL,"S ",Current,"Carries 4 bikes securely; steel construction, fits 2"" receiver hitch."
484,CL-9009,Bike Wash - Dissolver,Bike Wash,Accessories,Cleaners,NA,NULL,"S ",Current,"Washes off the toughest road grime; dissolves grease, environmentally safe. 1-liter bottle."
485,FE-6654,Fender Set - Mountain,Fender Set - Mountain,Accessories,Fenders,NA,NULL,"M ",Current,Clip-on fenders fit most mountain bikes.
486,ST-1401,All-Purpose Bike Stand,All-Purpose Bike Stand,Accessories,Bike Stands,NA,NULL,"M ",Current,Perfect all-purpose bike stand for working on your bike at home. Quick-adjusting clamps and steel construction.
487,HY-1023-70,Hydration Pack - 70 oz.,Hydration Pack,Accessories,Hydration Packs,Silver,70,"S ",Current,"Versatile 70 oz hydration pack offers extra storage, easy-fill access, and a waist belt."
488,SJ-0194-S,"Short-Sleeve Classic Jersey, S",Short-Sleeve Classic Jersey,Clothing,Jerseys,Yellow,S,"S ",Current,"Short sleeve classic breathable jersey with superior moisture control, front zipper, and 3 back pockets."
489,SJ-0194-M,"Short-Sleeve Classic Jersey, M",Short-Sleeve Classic Jersey,Clothing,Jerseys,Yellow,M,"S ",Current,"Short sleeve classic breathable jersey with superior moisture control, front zipper, and 3 back pockets."
490,SJ-0194-L,"Short-Sleeve Classic Jersey, L",Short-Sleeve Classic Jersey,Clothing,Jerseys,Yellow,L,"S ",Current,"Short sleeve classic breathable jersey with superior moisture control, front zipper, and 3 back pockets."
491,SJ-0194-X,"Short-Sleeve Classic Jersey, XL",Short-Sleeve Classic Jersey,Clothing,Jerseys,Yellow,XL,"S ",Current,"Short sleeve classic breathable jersey with superior moisture control, front zipper, and 3 back pockets."
492,FR-T98Y-60,"HL Touring Frame - Yellow, 60",HL Touring Frame,Components,Touring Frames,Yellow,60,"T ",Current,The HL aluminum frame is custom-shaped for both good looks and strength; it will withstand the most rigorous challenges of daily riding. Men's version.
493,FR-T67Y-62,"LL Touring Frame - Yellow, 62",LL Touring Frame,Components,Touring Frames,Yellow,62,"T ",Current,Lightweight butted aluminum frame provides a more upright riding position for a trip around town.  Our ground-breaking design provides optimum comfort.
494,FR-T98Y-46,"HL Touring Frame - Yellow, 46",HL Touring Frame,Components,Touring Frames,Yellow,46,"T ",Current,The HL aluminum frame is custom-shaped for both good looks and strength; it will withstand the most rigorous challenges of daily riding. Men's version.
495,FR-T98Y-50,"HL Touring Frame - Yellow, 50",HL Touring Frame,Components,Touring Frames,Yellow,50,"T ",Current,The HL aluminum frame is custom-shaped for both good looks and strength; it will withstand the most rigorous challenges of daily riding. Men's version.
496,FR-T98Y-54,"HL Touring Frame - Yellow, 54",HL Touring Frame,Components,Touring Frames,Yellow,54,"T ",Current,The HL aluminum frame is custom-shaped for both good looks and strength; it will withstand the most rigorous challenges of daily riding. Men's version.
497,FR-T98U-46,"HL Touring Frame - Blue, 46",HL Touring Frame,Components,Touring Frames,Blue,46,"T ",Current,The HL aluminum frame is custom-shaped for both good looks and strength; it will withstand the most rigorous challenges of daily riding. Men's version.
498,FR-T98U-50,"HL Touring Frame - Blue, 50",HL Touring Frame,Components,Touring Frames,Blue,50,"T ",Current,The HL aluminum frame is custom-shaped for both good looks and strength; it will withstand the most rigorous challenges of daily riding. Men's version.
499,FR-T98U-54,"HL Touring Frame - Blue, 54",HL Touring Frame,Components,Touring Frames,Blue,54,"T ",Current,The HL aluminum frame is custom-shaped for both good looks and strength; it will withstand the most rigorous challenges of daily riding. Men's version.
500,FR-T98U-60,"HL Touring Frame - Blue, 60",HL Touring Frame,Components,Touring Frames,Blue,60,"T ",Current,The HL aluminum frame is custom-shaped for both good looks and strength; it will withstand the most rigorous challenges of daily riding. Men's version.
501,RD-2308,Rear Derailleur,Rear Derailleur,Components,Derailleurs,Silver,NULL,NULL,Current,Wide-link design.
502,FR-T67U-50,"LL Touring Frame - Blue, 50",LL Touring Frame,Components,Touring Frames,Blue,50,"T ",Current,Lightweight butted aluminum frame provides a more upright riding position for a trip around town.  Our ground-breaking design provides optimum comfort.
503,FR-T67U-54,"LL Touring Frame - Blue, 54",LL Touring Frame,Components,Touring Frames,Blue,54,"T ",Current,Lightweight butted aluminum frame provides a more upright riding position for a trip around town.  Our ground-breaking design provides optimum comfort.
504,FR-T67U-58,"LL Touring Frame - Blue, 58",LL Touring Frame,Components,Touring Frames,Blue,58,"T ",Current,Lightweight butted aluminum frame provides a more upright riding position for a trip around town.  Our ground-breaking design provides optimum comfort.
505,FR-T67U-62,"LL Touring Frame - Blue, 62",LL Touring Frame,Components,Touring Frames,Blue,62,"T ",Current,Lightweight butted aluminum frame provides a more upright riding position for a trip around town.  Our ground-breaking design provides optimum comfort.
506,FR-T67Y-44,"LL Touring Frame - Yellow, 44",LL Touring Frame,Components,Touring Frames,Yellow,44,"T ",Current,Lightweight butted aluminum frame provides a more upright riding position for a trip around town.  Our ground-breaking design provides optimum comfort.
507,FR-T67Y-50,"LL Touring Frame - Yellow, 50",LL Touring Frame,Components,Touring Frames,Yellow,50,"T ",Current,Lightweight butted aluminum frame provides a more upright riding position for a trip around town.  Our ground-breaking design provides optimum comfort.
508,FR-T67Y-54,"LL Touring Frame - Yellow, 54",LL Touring Frame,Components,Touring Frames,Yellow,54,"T ",Current,Lightweight butted aluminum frame provides a more upright riding position for a trip around town.  Our ground-breaking design provides optimum comfort.
509,FR-T67Y-58,"LL Touring Frame - Yellow, 58",LL Touring Frame,Components,Touring Frames,Yellow,58,"T ",Current,Lightweight butted aluminum frame provides a more upright riding position for a trip around town.  Our ground-breaking design provides optimum comfort.
510,FR-T67U-44,"LL Touring Frame - Blue, 44",LL Touring Frame,Components,Touring Frames,Blue,44,"T ",Current,Lightweight butted aluminum frame provides a more upright riding position for a trip around town.  Our ground-breaking design provides optimum comfort.
511,FR-M63S-40,"ML Mountain Frame-W - Silver, 40",ML Mountain Frame-W,Components,Mountain Frames,Silver,40,"M ",Current,The ML frame is a heat-treated aluminum frame made with the same detail and quality as our HL frame. It offers superior performance. Men's version.
512,FR-M63S-42,"ML Mountain Frame-W - Silver, 42",ML Mountain Frame-W,Components,Mountain Frames,Silver,42,"M ",Current,The ML frame is a heat-treated aluminum frame made with the same detail and quality as our HL frame. It offers superior performance. Men's version.
513,FR-M63S-46,"ML Mountain Frame-W - Silver, 46",ML Mountain Frame-W,Components,Mountain Frames,Silver,46,"M ",Current,The ML frame is a heat-treated aluminum frame made with the same detail and quality as our HL frame. It offers superior performance. Men's version.
514,RB-9231,Rear Brakes,Rear Brakes,Components,Brakes,Silver,NULL,NULL,Current,NULL
515,SE-M236,LL Mountain Seat/Saddle,LL Mountain Seat/Saddle 2,Components,Saddles,NA,NULL,"M ",Current,Synthetic leather. Features gel for increased comfort.
516,SE-M798,ML Mountain Seat/Saddle,ML Mountain Seat/Saddle 2,Components,Saddles,NA,NULL,"M ",Current,Designed to absorb shock.
517,SE-M940,HL Mountain Seat/Saddle,HL Mountain Seat/Saddle 2,Components,Saddles,NA,NULL,"M ",Current,Anatomic design for a full-day of riding in comfort. Durable leather.
518,SE-R581,LL Road Seat/Saddle,LL Road Seat/Saddle 1,Components,Saddles,NA,NULL,"R ",Current,Lightweight foam-padded saddle.
519,SE-R908,ML Road Seat/Saddle,ML Road Seat/Saddle 2,Components,Saddles,NA,NULL,"T ",Current,Rubber bumpers absorb bumps.
520,SE-R995,HL Road Seat/Saddle,HL Road Seat/Saddle 2,Components,Saddles,NA,NULL,"R ",Current,Lightweight kevlar racing saddle. Leather.
521,SE-T312,LL Touring Seat/Saddle,LL Touring Seat/Saddle,Components,Saddles,NA,NULL,"T ",Current,"Comfortable, ergonomically shaped gel saddle."
522,SE-T762,ML Touring Seat/Saddle,ML Touring Seat/Saddle,Components,Saddles,NA,NULL,"T ",Current,New design relieves pressure for long rides.
523,SE-T924,HL Touring Seat/Saddle,HL Touring Seat/Saddle,Components,Saddles,NA,NULL,"T ",Current,Cut-out shell for a more comfortable ride.
524,FR-M21S-42,"LL Mountain Frame - Silver, 42",LL Mountain Frame,Components,Mountain Frames,Silver,42,"M ",Current,"Our best value utilizing the same, ground-breaking frame technology as the ML aluminum frame."
525,FR-M21S-44,"LL Mountain Frame - Silver, 44",LL Mountain Frame,Components,Mountain Frames,Silver,44,"M ",Current,"Our best value utilizing the same, ground-breaking frame technology as the ML aluminum frame."
526,FR-M21S-48,"LL Mountain Frame - Silver, 48",LL Mountain Frame,Components,Mountain Frames,Silver,48,"M ",Current,"Our best value utilizing the same, ground-breaking frame technology as the ML aluminum frame."
527,FR-M21S-52,"LL Mountain Frame - Silver, 52",LL Mountain Frame,Components,Mountain Frames,Silver,52,"M ",Current,"Our best value utilizing the same, ground-breaking frame technology as the ML aluminum frame."
528,TT-M928,Mountain Tire Tube,Mountain Tire Tube,Accessories,Tires and Tubes,NA,NULL,"M ",Current,Self-sealing tube.
529,TT-R982,Road Tire Tube,Road Tire Tube,Accessories,Tires and Tubes,NA,NULL,"R ",Current,Conventional all-purpose tube.
530,TT-T092,Touring Tire Tube,Touring Tire Tube,Accessories,Tires and Tubes,NA,NULL,"T ",Current,General purpose tube.
531,FR-M21B-42,"LL Mountain Frame - Black, 42",LL Mountain Frame,Components,Mountain Frames,Black,42,"M ",Current,"Our best value utilizing the same, ground-breaking frame technology as the ML aluminum frame."
532,FR-M21B-44,"LL Mountain Frame - Black, 44",LL Mountain Frame,Components,Mountain Frames,Black,44,"M ",Current,"Our best value utilizing the same, ground-breaking frame technology as the ML aluminum frame."
533,FR-M21B-48,"LL Mountain Frame - Black, 48",LL Mountain Frame,Components,Mountain Frames,Black,48,"M ",Current,"Our best value utilizing the same, ground-breaking frame technology as the ML aluminum frame."
534,FR-M21B-52,"LL Mountain Frame - Black, 52",LL Mountain Frame,Components,Mountain Frames,Black,52,"M ",Current,"Our best value utilizing the same, ground-breaking frame technology as the ML aluminum frame."
535,TI-M267,LL Mountain Tire,LL Mountain Tire,Accessories,Tires and Tubes,NA,NULL,"M ",Current,"Comparible traction, less expensive wire bead casing."
536,TI-M602,ML Mountain Tire,ML Mountain Tire,Accessories,Tires and Tubes,NA,NULL,"M ",Current,"Great traction, high-density rubber."
537,TI-M823,HL Mountain Tire,HL Mountain Tire,Accessories,Tires and Tubes,NA,NULL,"M ",Current,"Incredible traction, lightweight carbon reinforced."
538,TI-R092,LL Road Tire,LL Road Tire,Accessories,Tires and Tubes,NA,NULL,"R ",Current,Same great treads as more expensive tire with a less expensive wire bead casing.
539,TI-R628,ML Road Tire,ML Road Tire,Accessories,Tires and Tubes,NA,NULL,"R ",Current,Higher density rubber.
540,TI-R982,HL Road Tire,HL Road Tire,Accessories,Tires and Tubes,NA,NULL,"R ",Current,Lightweight carbon reinforced  for an unrivaled ride at an un-compromised weight.
541,TI-T723,Touring Tire,Touring Tire,Accessories,Tires and Tubes,NA,NULL,"T ",Current,High-density rubber.
542,PD-M282,LL Mountain Pedal,LL Mountain Pedal,Components,Pedals,Silver/Black,NULL,"M ",Current,Expanded platform so you can ride in any shoes; great for all-around riding.
543,PD-M340,ML Mountain Pedal,ML Mountain Pedal,Components,Pedals,Silver/Black,NULL,"M ",Current,"Lightweight, durable, clipless pedal with adjustable tension."
544,PD-M562,HL Mountain Pedal,HL Mountain Pedal,Components,Pedals,Silver/Black,NULL,"M ",Current,Stainless steel; designed to shed mud easily.
545,PD-R347,LL Road Pedal,LL Road Pedal,Components,Pedals,Silver/Black,NULL,"R ",Current,Clipless pedals - aluminum.
546,PD-R563,ML Road Pedal,ML Road Pedal,Components,Pedals,Silver/Black,NULL,"R ",Current,Lightweight aluminum alloy construction.
547,PD-R853,HL Road Pedal,HL Road Pedal,Components,Pedals,Silver/Black,NULL,"R ",Current,Top-of-the-line clipless pedals with adjustable tension.
548,PD-T852,Touring Pedal,Touring Pedal,Components,Pedals,Silver/Black,NULL,"T ",Current,A stable pedal for all-day riding.
549,FR-M63S-38,"ML Mountain Frame-W - Silver, 38",ML Mountain Frame-W,Components,Mountain Frames,Silver,38,"M ",Current,The ML frame is a heat-treated aluminum frame made with the same detail and quality as our HL frame. It offers superior performance. Men's version.
550,FR-M21B-40,"LL Mountain Frame - Black, 40",LL Mountain Frame,Components,Mountain Frames,Black,40,"M ",Current,"Our best value utilizing the same, ground-breaking frame technology as the ML aluminum frame."
551,FR-M21S-40,"LL Mountain Frame - Silver, 40",LL Mountain Frame,Components,Mountain Frames,Silver,40,"M ",Current,"Our best value utilizing the same, ground-breaking frame technology as the ML aluminum frame."
552,FD-2342,Front Derailleur,Front Derailleur,Components,Derailleurs,Silver,NULL,NULL,Current,Wide-link design.
553,HB-T721,LL Touring Handlebars,LL Touring Handlebars,Components,Handlebars,NA,NULL,"T ",Current,Unique shape reduces fatigue for entry level riders.
554,HB-T928,HL Touring Handlebars,HL Touring Handlebars,Components,Handlebars,NA,NULL,"T ",Current,A light yet stiff aluminum bar for long distance riding.
555,FB-9873,Front Brakes,Front Brakes,Components,Brakes,Silver,NULL,NULL,Current,All-weather brake pads; provides superior stopping by applying more surface to the rim.
556,CS-4759,LL Crankset,LL Crankset,Components,Cranksets,Black,NULL,NULL,Current,Super rigid spindle.
557,CS-6583,ML Crankset,ML Crankset,Components,Cranksets,Black,NULL,NULL,Current,High-strength crank arm.
558,CS-9183,HL Crankset,HL Crankset,Components,Cranksets,Black,NULL,NULL,Current,Triple crankset; alumunim crank arm; flawless shifting.
559,CH-0234,Chain,Chain,Components,Chains,Silver,NULL,NULL,Current,Superior shifting performance.
560,BK-T44U-60,"Touring-2000 Blue, 60",Touring-2000,Bikes,Touring Bikes,Blue,60,"T ",Current,"The plush custom saddle keeps you riding all day,  and there's plenty of space to add panniers and bike bags to the newly-redesigned carrier.  This bike has stability when fully-loaded."
561,BK-T79Y-46,"Touring-1000 Yellow, 46",Touring-1000,Bikes,Touring Bikes,Yellow,46,"T ",Current,Travel in style and comfort. Designed for maximum comfort and safety. Wide gear range takes on all hills. High-tech aluminum alloy construction provides durability without added weight.
562,BK-T79Y-50,"Touring-1000 Yellow, 50",Touring-1000,Bikes,Touring Bikes,Yellow,50,"T ",Current,Travel in style and comfort. Designed for maximum comfort and safety. Wide gear range takes on all hills. High-tech aluminum alloy construction provides durability without added weight.
563,BK-T79Y-54,"Touring-1000 Yellow, 54",Touring-1000,Bikes,Touring Bikes,Yellow,54,"T ",Current,Travel in style and comfort. Designed for maximum comfort and safety. Wide gear range takes on all hills. High-tech aluminum alloy construction provides durability without added weight.
564,BK-T79Y-60,"Touring-1000 Yellow, 60",Touring-1000,Bikes,Touring Bikes,Yellow,60,"T ",Current,Travel in style and comfort. Designed for maximum comfort and safety. Wide gear range takes on all hills. High-tech aluminum alloy construction provides durability without added weight.
565,BK-T18U-54,"Touring-3000 Blue, 54",Touring-3000,Bikes,Touring Bikes,Blue,54,"T ",Current,"All-occasion value bike with our basic comfort and safety features. Offers wider, more stable tires for a ride around town or weekend trip."
566,BK-T18U-58,"Touring-3000 Blue, 58",Touring-3000,Bikes,Touring Bikes,Blue,58,"T ",Current,"All-occasion value bike with our basic comfort and safety features. Offers wider, more stable tires for a ride around town or weekend trip."
567,BK-T18U-62,"Touring-3000 Blue, 62",Touring-3000,Bikes,Touring Bikes,Blue,62,"T ",Current,"All-occasion value bike with our basic comfort and safety features. Offers wider, more stable tires for a ride around town or weekend trip."
568,BK-T18Y-44,"Touring-3000 Yellow, 44",Touring-3000,Bikes,Touring Bikes,Yellow,44,"T ",Current,"All-occasion value bike with our basic comfort and safety features. Offers wider, more stable tires for a ride around town or weekend trip."
569,BK-T18Y-50,"Touring-3000 Yellow, 50",Touring-3000,Bikes,Touring Bikes,Yellow,50,"T ",Current,"All-occasion value bike with our basic comfort and safety features. Offers wider, more stable tires for a ride around town or weekend trip."
570,BK-T18Y-54,"Touring-3000 Yellow, 54",Touring-3000,Bikes,Touring Bikes,Yellow,54,"T ",Current,"All-occasion value bike with our basic comfort and safety features. Offers wider, more stable tires for a ride around town or weekend trip."
571,BK-T18Y-58,"Touring-3000 Yellow, 58",Touring-3000,Bikes,Touring Bikes,Yellow,58,"T ",Current,"All-occasion value bike with our basic comfort and safety features. Offers wider, more stable tires for a ride around town or weekend trip."
572,BK-T18Y-62,"Touring-3000 Yellow, 62",Touring-3000,Bikes,Touring Bikes,Yellow,62,"T ",Current,"All-occasion value bike with our basic comfort and safety features. Offers wider, more stable tires for a ride around town or weekend trip."
573,BK-T79U-46,"Touring-1000 Blue, 46",Touring-1000,Bikes,Touring Bikes,Blue,46,"T ",Current,Travel in style and comfort. Designed for maximum comfort and safety. Wide gear range takes on all hills. High-tech aluminum alloy construction provides durability without added weight.
574,BK-T79U-50,"Touring-1000 Blue, 50",Touring-1000,Bikes,Touring Bikes,Blue,50,"T ",Current,Travel in style and comfort. Designed for maximum comfort and safety. Wide gear range takes on all hills. High-tech aluminum alloy construction provides durability without added weight.
575,BK-T79U-54,"Touring-1000 Blue, 54",Touring-1000,Bikes,Touring Bikes,Blue,54,"T ",Current,Travel in style and comfort. Designed for maximum comfort and safety. Wide gear range takes on all hills. High-tech aluminum alloy construction provides durability without added weight.
576,BK-T79U-60,"Touring-1000 Blue, 60",Touring-1000,Bikes,Touring Bikes,Blue,60,"T ",Current,Travel in style and comfort. Designed for maximum comfort and safety. Wide gear range takes on all hills. High-tech aluminum alloy construction provides durability without added weight.
577,BK-T44U-46,"Touring-2000 Blue, 46",Touring-2000,Bikes,Touring Bikes,Blue,46,"T ",Current,"The plush custom saddle keeps you riding all day,  and there's plenty of space to add panniers and bike bags to the newly-redesigned carrier.  This bike has stability when fully-loaded."
578,BK-T44U-50,"Touring-2000 Blue, 50",Touring-2000,Bikes,Touring Bikes,Blue,50,"T ",Current,"The plush custom saddle keeps you riding all day,  and there's plenty of space to add panniers and bike bags to the newly-redesigned carrier.  This bike has stability when fully-loaded."
579,BK-T44U-54,"Touring-2000 Blue, 54",Touring-2000,Bikes,Touring Bikes,Blue,54,"T ",Current,"The plush custom saddle keeps you riding all day,  and there's plenty of space to add panniers and bike bags to the newly-redesigned carrier.  This bike has stability when fully-loaded."
580,BK-R79Y-40,"Road-350-W Yellow, 40",Road-350-W,Bikes,Road Bikes,Yellow,40,"R ",Current,"Cross-train, race, or just socialize on a sleek, aerodynamic bike designed for a woman.  Advanced seat technology provides comfort all day."
581,BK-R79Y-42,"Road-350-W Yellow, 42",Road-350-W,Bikes,Road Bikes,Yellow,42,"R ",Current,"Cross-train, race, or just socialize on a sleek, aerodynamic bike designed for a woman.  Advanced seat technology provides comfort all day."
582,BK-R79Y-44,"Road-350-W Yellow, 44",Road-350-W,Bikes,Road Bikes,Yellow,44,"R ",Current,"Cross-train, race, or just socialize on a sleek, aerodynamic bike designed for a woman.  Advanced seat technology provides comfort all day."
583,BK-R79Y-48,"Road-350-W Yellow, 48",Road-350-W,Bikes,Road Bikes,Yellow,48,"R ",Current,"Cross-train, race, or just socialize on a sleek, aerodynamic bike designed for a woman.  Advanced seat technology provides comfort all day."
584,BK-R19B-58,"Road-750 Black, 58",Road-750,Bikes,Road Bikes,Black,58,"R ",Current,Entry level adult bike; offers a comfortable ride cross-country or down the block. Quick-release hubs and rims.
585,BK-T18U-44,"Touring-3000 Blue, 44",Touring-3000,Bikes,Touring Bikes,Blue,44,"T ",Current,"All-occasion value bike with our basic comfort and safety features. Offers wider, more stable tires for a ride around town or weekend trip."
586,BK-T18U-50,"Touring-3000 Blue, 50",Touring-3000,Bikes,Touring Bikes,Blue,50,"T ",Current,"All-occasion value bike with our basic comfort and safety features. Offers wider, more stable tires for a ride around town or weekend trip."
587,BK-M38S-38,"Mountain-400-W Silver, 38",Mountain-400-W,Bikes,Mountain Bikes,Silver,38,"M ",Current,"This bike delivers a high-level of performance on a budget. It is responsive and maneuverable, and offers peace-of-mind when you decide to go off-road."
588,BK-M38S-40,"Mountain-400-W Silver, 40",Mountain-400-W,Bikes,Mountain Bikes,Silver,40,"M ",Current,"This bike delivers a high-level of performance on a budget. It is responsive and maneuverable, and offers peace-of-mind when you decide to go off-road."
589,BK-M38S-42,"Mountain-400-W Silver, 42",Mountain-400-W,Bikes,Mountain Bikes,Silver,42,"M ",Current,"This bike delivers a high-level of performance on a budget. It is responsive and maneuverable, and offers peace-of-mind when you decide to go off-road."
590,BK-M38S-46,"Mountain-400-W Silver, 46",Mountain-400-W,Bikes,Mountain Bikes,Silver,46,"M ",Current,"This bike delivers a high-level of performance on a budget. It is responsive and maneuverable, and offers peace-of-mind when you decide to go off-road."
591,BK-M18S-40,"Mountain-500 Silver, 40",Mountain-500,Bikes,Mountain Bikes,Silver,40,"M ",Current,"Suitable for any type of riding, on or off-road. Fits any budget. Smooth-shifting with a comfortable ride."
592,BK-M18S-42,"Mountain-500 Silver, 42",Mountain-500,Bikes,Mountain Bikes,Silver,42,"M ",Current,"Suitable for any type of riding, on or off-road. Fits any budget. Smooth-shifting with a comfortable ride."
593,BK-M18S-44,"Mountain-500 Silver, 44",Mountain-500,Bikes,Mountain Bikes,Silver,44,"M ",Current,"Suitable for any type of riding, on or off-road. Fits any budget. Smooth-shifting with a comfortable ride."
594,BK-M18S-48,"Mountain-500 Silver, 48",Mountain-500,Bikes,Mountain Bikes,Silver,48,"M ",Current,"Suitable for any type of riding, on or off-road. Fits any budget. Smooth-shifting with a comfortable ride."
595,BK-M18S-52,"Mountain-500 Silver, 52",Mountain-500,Bikes,Mountain Bikes,Silver,52,"M ",Current,"Suitable for any type of riding, on or off-road. Fits any budget. Smooth-shifting with a comfortable ride."
596,BK-M18B-40,"Mountain-500 Black, 40",Mountain-500,Bikes,Mountain Bikes,Black,40,"M ",Current,"Suitable for any type of riding, on or off-road. Fits any budget. Smooth-shifting with a comfortable ride."
597,BK-M18B-42,"Mountain-500 Black, 42",Mountain-500,Bikes,Mountain Bikes,Black,42,"M ",Current,"Suitable for any type of riding, on or off-road. Fits any budget. Smooth-shifting with a comfortable ride."
598,BK-M18B-44,"Mountain-500 Black, 44",Mountain-500,Bikes,Mountain Bikes,Black,44,"M ",Current,"Suitable for any type of riding, on or off-road. Fits any budget. Smooth-shifting with a comfortable ride."
599,BK-M18B-48,"Mountain-500 Black, 48",Mountain-500,Bikes,Mountain Bikes,Black,48,"M ",Current,"Suitable for any type of riding, on or off-road. Fits any budget. Smooth-shifting with a comfortable ride."
600,BK-M18B-52,"Mountain-500 Black, 52",Mountain-500,Bikes,Mountain Bikes,Black,52,"M ",Current,"Suitable for any type of riding, on or off-road. Fits any budget. Smooth-shifting with a comfortable ride."
601,BB-7421,LL Bottom Bracket,LL Bottom Bracket,Components,Bottom Brackets,NA,NULL,NULL,Current,Chromoly steel.
602,BB-8107,ML Bottom Bracket,ML Bottom Bracket,Components,Bottom Brackets,NA,NULL,NULL,Current,Aluminum alloy cups; large diameter spindle.
603,BB-9108,HL Bottom Bracket,HL Bottom Bracket,Components,Bottom Brackets,NA,NULL,NULL,Current,Aluminum alloy cups and a hollow axle.
604,BK-R19B-44,"Road-750 Black, 44",Road-750,Bikes,Road Bikes,Black,44,"R ",Current,Entry level adult bike; offers a comfortable ride cross-country or down the block. Quick-release hubs and rims.
605,BK-R19B-48,"Road-750 Black, 48",Road-750,Bikes,Road Bikes,Black,48,"R ",Current,Entry level adult bike; offers a comfortable ride cross-country or down the block. Quick-release hubs and rims.
606,BK-R19B-52,"Road-750 Black, 52",Road-750,Bikes,Road Bikes,Black,52,"R ",Current,Entry level adult bike; offers a comfortable ride cross-country or down the block. Quick-release hubs and rims.
